Order ID,Product ID,Location ID,Sales Person ID,Customer ID,Purchase Date,Quantity
AX10004,ENX2029,A142,EMP1019,C1078,43519,4
AX10014,ENX2079,A152,EMP1041,C1073,43520,1
AX10027,ENX2062,A126,EMP1001,C1256,43537,1
AX10032,ENX2083,A156,EMP1025,C1342,43482,1
AX10042,ENX2100,A147,EMP1019,C1267,43468,1
AX10061,ENX2041,A101,EMP1041,C1168,43514,1
AX10070,ENX2046,A159,EMP1040,C1147,43468,1
AX10071,ENX2091,A121,EMP1016,C1755,43471,3
AX10074,ENX2038,A121,EMP1042,C1732,43521,1
AX10086,ENX2054,A130,EMP1023,C1526,43479,1
AX10096,ENX2005,A133,EMP1037,C1791,43504,1
AX10098,ENX2098,A119,EMP1022,C1467,43532,1
AX10133,ENX2045,A104,EMP1038,C1350,43489,1
AX10145,ENX2033,A111,EMP1007,C1666,43499,2
AX10155,ENX2027,A111,EMP1024,C1176,43470,1
AX10162,ENX2030,A158,EMP1015,C1120,43505,2
AX10173,ENX2093,A115,EMP1040,C1566,43483,3
AX10180,ENX2011,A148,EMP1006,C1350,43491,4
AX10199,ENX2100,A115,EMP1001,C1350,43537,2
AX10208,ENX2054,A132,EMP1029,C1194,43538,1
AX10209,ENX2043,A120,EMP1040,C1571,43532,3
AX10218,ENX2029,A123,EMP1018,C1612,43476,3
AX10230,ENX2078,A115,EMP1005,C1455,43469,1
AX10232,ENX2081,A143,EMP1035,C1572,43519,1
AX10243,ENX2004,A108,EMP1020,C1529,43505,4
AX10259,ENX2040,A139,EMP1029,C1528,43496,1
AX10268,ENX2043,A125,EMP1025,C1124,43539,2
AX10295,ENX2076,A111,EMP1003,C1552,43530,3
AX10303,ENX2052,A135,EMP1034,C1073,43527,3
AX10307,ENX2098,A155,EMP1005,C1203,43538,2
AX10308,ENX2081,A145,EMP1029,C1070,43483,3
AX10313,ENX2012,A170,EMP1002,C1780,43516,3
AX10323,ENX2010,A134,EMP1038,C1407,43510,3
AX10324,ENX2027,A108,EMP1002,C1582,43496,1
AX10331,ENX2032,A141,EMP1043,C1002,43476,1
AX10335,ENX2023,A134,EMP1033,C1370,43531,1
AX10337,ENX2061,A155,EMP1031,C1347,43515,4
AX10350,ENX2000,A129,EMP1008,C1648,43538,1
AX10355,ENX2040,A151,EMP1010,C1776,43519,2
AX10360,ENX2041,A126,EMP1003,C1212,43527,1
AX10381,ENX2024,A138,EMP1018,C1791,43487,3
AX10405,ENX2062,A159,EMP1036,C1460,43502,3
AX10411,ENX2100,A164,EMP1010,C1252,43523,1
AX10439,ENX2056,A157,EMP1001,C1036,43524,1
AX10452,ENX2094,A168,EMP1039,C1488,43486,1
AX10457,ENX2099,A164,EMP1036,C1761,43480,2
AX10472,ENX2031,A129,EMP1020,C1221,43499,1
AX10476,ENX2041,A132,EMP1022,C1453,43504,1
AX10478,ENX2066,A105,EMP1003,C1617,43497,2
AX10495,ENX2099,A146,EMP1043,C1000,43499,3
AX10512,ENX2099,A129,EMP1037,C1482,43519,3
AX10513,ENX2059,A138,EMP1029,C1277,43513,1
AX10521,ENX2042,A108,EMP1011,C1442,43492,1
AX10546,ENX2003,A137,EMP1033,C1029,43500,2
AX10569,ENX2074,A161,EMP1021,C1240,43510,4
AX10649,ENX2030,A120,EMP1023,C1595,43468,1
AX10654,ENX2003,A127,EMP1034,C1577,43513,1
AX10661,ENX2083,A142,EMP1043,C1267,43517,2
AX10670,ENX2072,A140,EMP1006,C1217,43481,1
AX10685,ENX2038,A145,EMP1026,C1583,43481,3
AX10703,ENX2074,A104,EMP1032,C1273,43505,1
AX10710,ENX2041,A124,EMP1010,C1639,43472,2
AX10715,ENX2054,A154,EMP1032,C1542,43472,1
AX10722,ENX2027,A170,EMP1025,C1035,43495,3
AX10726,ENX2036,A102,EMP1019,C1374,43510,2
AX10733,ENX2024,A148,EMP1013,C1327,43485,4
AX10771,ENX2022,A157,EMP1026,C1007,43537,1
AX10783,ENX2061,A168,EMP1017,C1521,43474,1
AX10808,ENX2027,A146,EMP1011,C1442,43520,1
AX10820,ENX2013,A135,EMP1034,C1406,43529,1
AX10826,ENX2065,A147,EMP1034,C1168,43466,1
AX10880,ENX2068,A123,EMP1032,C1596,43501,1
AX10920,ENX2077,A132,EMP1000,C1586,43479,1
AX10925,ENX2055,A151,EMP1012,C1185,43479,1
AX10935,ENX2097,A134,EMP1022,C1304,43521,1
AX10971,ENX2081,A131,EMP1033,C1026,43501,1
AX11010,ENX2007,A162,EMP1016,C1567,43491,2
AX11039,ENX2031,A145,EMP1031,C1483,43517,2
AX11071,ENX2061,A172,EMP1017,C1714,43525,1
AX11086,ENX2055,A142,EMP1040,C1505,43508,4
AX11109,ENX2037,A154,EMP1012,C1085,43498,1
AX11128,ENX2069,A134,EMP1010,C1687,43479,1
AX11134,ENX2012,A120,EMP1019,C1779,43529,3
AX11172,ENX2007,A124,EMP1042,C1308,43526,1
AX11175,ENX2033,A129,EMP1038,C1647,43470,1
AX11206,ENX2007,A142,EMP1002,C1726,43471,4
AX11210,ENX2001,A109,EMP1026,C1237,43484,1
AX11213,ENX2012,A102,EMP1043,C1477,43488,2
AX11222,ENX2092,A153,EMP1005,C1544,43518,3
AX11246,ENX2060,A109,EMP1008,C1138,43535,1
AX11254,ENX2020,A160,EMP1037,C1796,43467,1
AX11258,ENX2091,A149,EMP1041,C1284,43523,1
AX11261,ENX2077,A131,EMP1036,C1274,43528,2
AX11282,ENX2005,A102,EMP1018,C1754,43510,3
AX11285,ENX2088,A127,EMP1033,C1059,43506,3
AX11289,ENX2007,A111,EMP1019,C1355,43481,1
AX11293,ENX2043,A104,EMP1031,C1008,43474,1
AX11327,ENX2059,A112,EMP1039,C1353,43466,1
AX11329,ENX2052,A123,EMP1002,C1311,43519,3
AX11330,ENX2047,A134,EMP1025,C1710,43504,1
AX11368,ENX2071,A103,EMP1011,C1768,43517,1
AX11370,ENX2031,A173,EMP1022,C1781,43510,3
AX11399,ENX2020,A144,EMP1002,C1684,43477,1
AX11414,ENX2066,A132,EMP1021,C1269,43499,1
AX11421,ENX2000,A166,EMP1012,C1410,43505,3
AX11425,ENX2031,A102,EMP1011,C1152,43497,1
AX11445,ENX2019,A125,EMP1022,C1048,43477,1
AX11446,ENX2093,A102,EMP1008,C1743,43529,1
AX11508,ENX2020,A149,EMP1010,C1237,43496,1
AX11511,ENX2028,A157,EMP1040,C1131,43511,1
AX11516,ENX2088,A150,EMP1023,C1115,43491,3
AX11563,ENX2062,A106,EMP1036,C1457,43507,3
AX11564,ENX2037,A100,EMP1025,C1080,43488,2
AX11575,ENX2093,A128,EMP1020,C1359,43517,1
AX11587,ENX2021,A173,EMP1010,C1138,43520,2
AX11610,ENX2089,A108,EMP1040,C1189,43496,4
AX11617,ENX2085,A124,EMP1013,C1331,43508,4
AX11627,ENX2035,A131,EMP1022,C1577,43469,1
AX11633,ENX2044,A172,EMP1036,C1659,43476,2
AX11676,ENX2078,A130,EMP1015,C1458,43482,3
AX11689,ENX2014,A152,EMP1034,C1542,43519,1
AX11713,ENX2051,A120,EMP1003,C1619,43472,2
AX11715,ENX2005,A149,EMP1039,C1251,43504,1
AX11733,ENX2033,A167,EMP1014,C1137,43475,1
AX11754,ENX2049,A110,EMP1008,C1368,43518,1
AX11779,ENX2022,A140,EMP1016,C1800,43468,1
AX11796,ENX2058,A138,EMP1001,C1440,43490,3
AX11797,ENX2092,A135,EMP1036,C1723,43533,1
AX11798,ENX2049,A143,EMP1004,C1257,43478,2
AX11807,ENX2023,A119,EMP1024,C1244,43474,3
AX11833,ENX2092,A153,EMP1043,C1744,43507,1
AX11870,ENX2038,A156,EMP1020,C1374,43514,1
AX11873,ENX2048,A123,EMP1018,C1406,43503,1
AX11894,ENX2064,A131,EMP1036,C1303,43528,4
AX11947,ENX2000,A111,EMP1001,C1065,43510,1
AX11952,ENX2047,A169,EMP1042,C1648,43466,3
AX11975,ENX2031,A112,EMP1029,C1752,43531,2
AX11978,ENX2000,A144,EMP1032,C1073,43516,1
AX11987,ENX2086,A161,EMP1010,C1092,43477,1
AX11995,ENX2076,A159,EMP1036,C1286,43517,1
AX12026,ENX2025,A133,EMP1027,C1637,43474,1
AX12039,ENX2081,A172,EMP1004,C1011,43520,1
AX12042,ENX2077,A162,EMP1032,C1367,43523,3
AX12046,ENX2033,A115,EMP1026,C1120,43470,1
AX12060,ENX2076,A135,EMP1037,C1300,43511,1
AX12066,ENX2078,A171,EMP1010,C1183,43474,1
AX12073,ENX2090,A128,EMP1013,C1475,43534,1
AX12111,ENX2029,A122,EMP1027,C1063,43482,1
AX12113,ENX2008,A103,EMP1034,C1125,43470,1
AX12123,ENX2050,A104,EMP1003,C1070,43522,4
AX12148,ENX2095,A116,EMP1044,C1359,43471,2
AX12155,ENX2064,A135,EMP1019,C1334,43483,4
AX12168,ENX2068,A140,EMP1007,C1669,43477,1
AX12169,ENX2080,A101,EMP1022,C1784,43507,1
AX12182,ENX2008,A163,EMP1010,C1160,43478,1
AX12207,ENX2003,A125,EMP1017,C1340,43493,3
AX12215,ENX2064,A132,EMP1040,C1717,43516,2
AX12223,ENX2036,A172,EMP1025,C1724,43519,1
AX12235,ENX2057,A106,EMP1015,C1020,43481,1
AX12253,ENX2061,A115,EMP1044,C1286,43501,3
AX12261,ENX2050,A157,EMP1043,C1672,43501,1
AX12288,ENX2044,A166,EMP1013,C1368,43509,2
AX12296,ENX2024,A172,EMP1034,C1496,43483,3
AX12305,ENX2005,A100,EMP1005,C1395,43511,1
AX12356,ENX2100,A116,EMP1043,C1513,43529,2
AX12359,ENX2010,A146,EMP1013,C1263,43509,4
AX12362,ENX2062,A108,EMP1002,C1640,43529,1
AX12369,ENX2008,A113,EMP1036,C1762,43516,1
AX12380,ENX2039,A124,EMP1031,C1615,43491,4
AX12391,ENX2039,A116,EMP1016,C1357,43502,1
AX12418,ENX2007,A118,EMP1000,C1148,43476,1
AX12420,ENX2048,A105,EMP1005,C1423,43508,1
AX12463,ENX2041,A172,EMP1038,C1177,43537,1
AX12477,ENX2044,A125,EMP1019,C1035,43468,1
AX12486,ENX2058,A171,EMP1004,C1368,43526,3
AX12497,ENX2018,A111,EMP1024,C1709,43511,2
AX12500,ENX2060,A122,EMP1007,C1713,43507,3
AX12501,ENX2011,A165,EMP1041,C1015,43494,3
AX12503,ENX2077,A150,EMP1025,C1267,43506,1
AX12506,ENX2033,A148,EMP1014,C1775,43506,4
AX12511,ENX2078,A161,EMP1008,C1561,43500,2
AX12517,ENX2044,A147,EMP1027,C1369,43503,2
AX12518,ENX2053,A107,EMP1034,C1343,43503,2
AX12543,ENX2021,A106,EMP1012,C1635,43481,3
AX12563,ENX2038,A171,EMP1029,C1628,43467,3
AX12566,ENX2044,A156,EMP1039,C1780,43500,2
AX12586,ENX2075,A148,EMP1013,C1470,43467,2
AX12602,ENX2020,A127,EMP1013,C1210,43536,1
AX12618,ENX2074,A171,EMP1032,C1220,43497,4
AX12624,ENX2072,A144,EMP1011,C1064,43487,4
AX12626,ENX2033,A116,EMP1042,C1518,43502,4
AX12630,ENX2076,A140,EMP1006,C1708,43475,1
AX12636,ENX2020,A158,EMP1030,C1032,43496,3
AX12639,ENX2084,A117,EMP1036,C1007,43474,1
AX12651,ENX2005,A150,EMP1002,C1339,43489,3
AX12660,ENX2087,A118,EMP1036,C1118,43480,2
AX12664,ENX2035,A163,EMP1028,C1524,43502,4
AX12666,ENX2008,A130,EMP1016,C1647,43525,4
AX12695,ENX2000,A150,EMP1020,C1071,43536,4
AX12711,ENX2089,A166,EMP1001,C1503,43533,3
AX12728,ENX2005,A101,EMP1032,C1503,43502,4
AX12742,ENX2085,A170,EMP1039,C1504,43492,1
AX12756,ENX2016,A156,EMP1013,C1221,43484,2
AX12758,ENX2029,A126,EMP1029,C1157,43519,1
AX12777,ENX2049,A134,EMP1025,C1546,43488,1
AX12779,ENX2014,A170,EMP1039,C1061,43494,4
AX12785,ENX2010,A157,EMP1031,C1526,43517,1
AX12827,ENX2045,A148,EMP1016,C1604,43488,1
AX12840,ENX2007,A135,EMP1037,C1277,43520,1
AX12855,ENX2011,A135,EMP1038,C1578,43520,1
AX12858,ENX2039,A101,EMP1015,C1218,43507,1
AX12899,ENX2063,A156,EMP1021,C1048,43533,2
AX12906,ENX2050,A135,EMP1011,C1123,43534,2
AX12912,ENX2049,A129,EMP1027,C1294,43500,1
AX12923,ENX2100,A129,EMP1010,C1197,43519,1
AX12947,ENX2088,A142,EMP1027,C1389,43500,3
AX12986,ENX2062,A147,EMP1006,C1083,43507,3
AX12990,ENX2095,A145,EMP1003,C1151,43469,1
AX13017,ENX2004,A109,EMP1017,C1575,43496,4
AX13024,ENX2060,A125,EMP1021,C1324,43466,2
AX13026,ENX2028,A118,EMP1015,C1523,43477,1
AX13041,ENX2093,A133,EMP1041,C1670,43505,1
AX13045,ENX2045,A121,EMP1025,C1210,43515,2
AX13053,ENX2008,A162,EMP1007,C1224,43510,1
AX13065,ENX2021,A147,EMP1022,C1618,43515,4
AX13090,ENX2001,A132,EMP1036,C1454,43479,1
AX13093,ENX2077,A123,EMP1027,C1560,43484,3
AX13095,ENX2063,A118,EMP1013,C1800,43525,2
AX13096,ENX2031,A104,EMP1034,C1762,43506,1
AX13106,ENX2047,A155,EMP1018,C1434,43482,1
AX13133,ENX2034,A167,EMP1019,C1354,43484,3
AX13141,ENX2086,A139,EMP1042,C1000,43469,4
AX13148,ENX2080,A173,EMP1027,C1054,43490,4
AX13150,ENX2036,A103,EMP1005,C1386,43510,3
AX13155,ENX2040,A147,EMP1021,C1304,43473,2
AX13159,ENX2041,A105,EMP1043,C1782,43529,4
AX13166,ENX2048,A117,EMP1006,C1716,43524,1
AX13178,ENX2001,A101,EMP1023,C1106,43527,1
AX13202,ENX2048,A166,EMP1025,C1613,43538,1
AX13231,ENX2040,A119,EMP1002,C1366,43497,1
AX13237,ENX2035,A148,EMP1018,C1543,43468,1
AX13242,ENX2036,A146,EMP1011,C1335,43538,1
AX13281,ENX2014,A157,EMP1012,C1663,43475,1
AX13298,ENX2050,A114,EMP1002,C1658,43487,1
AX13300,ENX2043,A165,EMP1005,C1594,43529,3
AX13315,ENX2047,A157,EMP1014,C1320,43499,2
AX13337,ENX2049,A140,EMP1039,C1671,43473,1
AX13350,ENX2018,A170,EMP1034,C1457,43527,4
AX13359,ENX2074,A132,EMP1024,C1546,43534,1
AX13377,ENX2072,A164,EMP1001,C1543,43533,2
AX13382,ENX2073,A165,EMP1006,C1780,43525,1
AX13383,ENX2060,A113,EMP1031,C1732,43502,1
AX13404,ENX2058,A157,EMP1026,C1660,43478,1
AX13412,ENX2077,A132,EMP1021,C1706,43526,1
AX13445,ENX2085,A152,EMP1000,C1323,43529,4
AX13447,ENX2021,A127,EMP1040,C1046,43498,1
AX13450,ENX2055,A132,EMP1024,C1354,43473,3
AX13454,ENX2083,A140,EMP1034,C1480,43533,1
AX13462,ENX2051,A169,EMP1039,C1563,43512,2
AX13463,ENX2065,A164,EMP1004,C1322,43496,1
AX13469,ENX2080,A148,EMP1043,C1065,43482,1
AX13484,ENX2064,A127,EMP1023,C1385,43473,2
AX13490,ENX2097,A111,EMP1013,C1647,43481,1
AX13493,ENX2030,A159,EMP1033,C1664,43536,1
AX13495,ENX2033,A105,EMP1013,C1743,43528,1
AX13529,ENX2064,A114,EMP1021,C1047,43485,3
AX13545,ENX2098,A117,EMP1028,C1001,43501,1
AX13549,ENX2096,A105,EMP1031,C1539,43538,1
AX13559,ENX2079,A126,EMP1032,C1488,43524,2
AX13595,ENX2045,A160,EMP1042,C1327,43539,1
AX13614,ENX2004,A124,EMP1036,C1360,43503,3
AX13630,ENX2013,A116,EMP1025,C1640,43476,2
AX13644,ENX2020,A162,EMP1013,C1451,43492,4
AX13669,ENX2083,A126,EMP1036,C1264,43518,1
AX13692,ENX2001,A125,EMP1007,C1476,43518,3
AX13695,ENX2061,A155,EMP1009,C1506,43491,3
AX13696,ENX2094,A150,EMP1016,C1030,43504,1
AX13700,ENX2042,A101,EMP1012,C1459,43481,3
AX13709,ENX2086,A159,EMP1018,C1777,43479,3
AX13717,ENX2055,A155,EMP1009,C1454,43493,1
AX13724,ENX2018,A115,EMP1005,C1573,43489,2
AX13755,ENX2054,A168,EMP1016,C1647,43481,1
AX13768,ENX2001,A116,EMP1013,C1372,43490,1
AX13833,ENX2079,A120,EMP1012,C1490,43483,4
AX13862,ENX2097,A123,EMP1036,C1038,43472,1
AX13881,ENX2036,A116,EMP1018,C1672,43516,1
AX13940,ENX2066,A136,EMP1039,C1110,43495,1
AX14002,ENX2050,A129,EMP1039,C1365,43529,1
AX14013,ENX2083,A139,EMP1021,C1111,43498,1
AX14026,ENX2022,A115,EMP1017,C1118,43531,1
AX14040,ENX2053,A160,EMP1030,C1560,43504,4
AX14048,ENX2079,A145,EMP1001,C1792,43519,4
AX14050,ENX2056,A165,EMP1043,C1432,43534,3
AX14052,ENX2067,A139,EMP1030,C1697,43509,1
AX14097,ENX2054,A137,EMP1026,C1125,43526,3
AX14141,ENX2080,A173,EMP1028,C1254,43482,4
AX14178,ENX2095,A114,EMP1023,C1253,43518,2
AX14183,ENX2041,A156,EMP1016,C1257,43531,1
AX14198,ENX2002,A149,EMP1037,C1032,43471,1
AX14212,ENX2019,A124,EMP1014,C1551,43467,1
AX14219,ENX2093,A126,EMP1024,C1279,43511,2
AX14234,ENX2062,A166,EMP1025,C1596,43470,2
AX14243,ENX2064,A140,EMP1004,C1166,43474,3
AX14244,ENX2027,A163,EMP1014,C1304,43501,3
AX14246,ENX2050,A121,EMP1040,C1526,43502,1
AX14253,ENX2009,A158,EMP1026,C1166,43533,1
AX14304,ENX2002,A138,EMP1027,C1264,43471,1
AX14311,ENX2050,A157,EMP1001,C1017,43499,4
AX14349,ENX2067,A171,EMP1038,C1512,43514,1
AX14359,ENX2074,A118,EMP1029,C1695,43489,1
AX14384,ENX2085,A123,EMP1015,C1442,43482,1
AX14418,ENX2020,A109,EMP1004,C1687,43538,1
AX14426,ENX2090,A102,EMP1025,C1388,43533,1
AX14474,ENX2021,A132,EMP1019,C1014,43533,3
AX14480,ENX2088,A119,EMP1039,C1446,43535,1
AX14481,ENX2048,A173,EMP1026,C1629,43526,3
AX14485,ENX2008,A134,EMP1013,C1223,43500,3
AX14509,ENX2008,A103,EMP1011,C1468,43488,4
AX14512,ENX2025,A129,EMP1023,C1525,43538,2
AX14539,ENX2098,A114,EMP1013,C1098,43473,2
AX14548,ENX2026,A166,EMP1020,C1136,43528,1
AX14594,ENX2014,A145,EMP1039,C1607,43497,1
AX14609,ENX2093,A127,EMP1024,C1303,43489,2
AX14618,ENX2051,A113,EMP1003,C1673,43481,3
AX14628,ENX2030,A117,EMP1022,C1662,43508,1
AX14636,ENX2025,A108,EMP1034,C1375,43529,1
AX14638,ENX2058,A154,EMP1011,C1342,43490,2
AX14661,ENX2093,A140,EMP1002,C1499,43485,1
AX14688,ENX2060,A167,EMP1014,C1792,43493,1
AX14705,ENX2051,A159,EMP1035,C1134,43535,3
AX14731,ENX2053,A121,EMP1014,C1464,43525,3
AX14778,ENX2058,A137,EMP1029,C1458,43466,1
AX14801,ENX2035,A165,EMP1023,C1752,43536,1
AX14812,ENX2066,A158,EMP1010,C1129,43539,2
AX14823,ENX2049,A145,EMP1032,C1543,43482,2
AX14826,ENX2082,A165,EMP1029,C1630,43532,3
AX14872,ENX2060,A138,EMP1029,C1077,43525,1
AX14899,ENX2089,A112,EMP1025,C1215,43523,2
AX14908,ENX2002,A160,EMP1044,C1763,43478,3
AX14911,ENX2003,A123,EMP1021,C1306,43496,4
AX14934,ENX2037,A149,EMP1000,C1567,43529,3
AX14969,ENX2074,A105,EMP1011,C1190,43478,3
AX15007,ENX2005,A141,EMP1041,C1431,43475,1
AX15017,ENX2080,A163,EMP1006,C1252,43537,2
AX15031,ENX2091,A147,EMP1005,C1165,43478,2
AX15037,ENX2073,A162,EMP1037,C1145,43495,1
AX15052,ENX2030,A159,EMP1042,C1499,43472,4
AX15104,ENX2019,A117,EMP1041,C1383,43487,1
AX15120,ENX2074,A144,EMP1039,C1673,43528,1
AX15121,ENX2038,A105,EMP1025,C1532,43520,2
AX15143,ENX2059,A146,EMP1004,C1524,43494,4
AX15165,ENX2073,A163,EMP1001,C1313,43514,4
AX15168,ENX2081,A142,EMP1020,C1485,43487,1
AX15170,ENX2023,A100,EMP1020,C1775,43522,2
AX15185,ENX2063,A145,EMP1033,C1182,43503,4
AX15223,ENX2032,A165,EMP1035,C1629,43467,1
AX15239,ENX2086,A136,EMP1029,C1194,43525,1
AX15245,ENX2088,A100,EMP1010,C1714,43524,3
AX15247,ENX2018,A108,EMP1004,C1263,43485,1
AX15259,ENX2044,A126,EMP1021,C1008,43508,1
AX15292,ENX2059,A104,EMP1039,C1450,43537,3
AX15332,ENX2076,A112,EMP1026,C1400,43506,3
AX15344,ENX2020,A165,EMP1010,C1616,43484,1
AX15356,ENX2054,A125,EMP1038,C1402,43534,1
AX15368,ENX2079,A104,EMP1002,C1641,43492,1
AX15399,ENX2085,A164,EMP1020,C1096,43499,3
AX15401,ENX2099,A151,EMP1027,C1330,43475,2
AX15446,ENX2083,A141,EMP1038,C1034,43523,1
AX15451,ENX2003,A163,EMP1008,C1478,43522,3
AX15464,ENX2074,A139,EMP1011,C1669,43494,4
AX15467,ENX2020,A154,EMP1025,C1269,43519,1
AX15468,ENX2040,A143,EMP1038,C1172,43490,1
AX15474,ENX2084,A133,EMP1003,C1213,43489,1
AX15477,ENX2056,A168,EMP1029,C1372,43490,1
AX15495,ENX2023,A148,EMP1033,C1208,43519,1
AX15510,ENX2035,A157,EMP1012,C1056,43525,1
AX15512,ENX2022,A135,EMP1007,C1096,43482,1
AX15516,ENX2001,A110,EMP1017,C1555,43470,1
AX15522,ENX2060,A155,EMP1043,C1068,43520,4
AX15531,ENX2039,A126,EMP1040,C1180,43504,3
AX15533,ENX2023,A143,EMP1004,C1198,43481,1
AX15538,ENX2098,A129,EMP1022,C1220,43535,4
AX15551,ENX2026,A132,EMP1027,C1382,43529,2
AX15563,ENX2020,A104,EMP1039,C1080,43519,1
AX15570,ENX2087,A164,EMP1041,C1593,43529,1
AX15599,ENX2080,A164,EMP1043,C1359,43498,1
AX15607,ENX2029,A137,EMP1025,C1043,43536,2
AX15618,ENX2090,A117,EMP1021,C1296,43529,1
AX15659,ENX2036,A123,EMP1044,C1260,43519,1
AX15683,ENX2042,A123,EMP1015,C1109,43489,1
AX15707,ENX2077,A145,EMP1009,C1543,43526,3
AX15730,ENX2083,A156,EMP1015,C1751,43482,4
AX15747,ENX2023,A136,EMP1027,C1519,43468,1
AX15752,ENX2002,A160,EMP1039,C1342,43538,1
AX15756,ENX2083,A102,EMP1011,C1538,43534,1
AX15772,ENX2059,A153,EMP1040,C1688,43497,2
AX15773,ENX2100,A120,EMP1013,C1634,43534,1
AX15775,ENX2052,A113,EMP1036,C1023,43475,1
AX15789,ENX2031,A168,EMP1038,C1162,43522,2
AX15802,ENX2045,A142,EMP1000,C1590,43486,1
AX15906,ENX2042,A170,EMP1018,C1606,43503,3
AX15912,ENX2011,A141,EMP1005,C1617,43520,1
AX15923,ENX2091,A134,EMP1013,C1480,43476,1
AX15929,ENX2080,A122,EMP1039,C1601,43525,1
AX15934,ENX2009,A103,EMP1044,C1436,43530,2
AX15944,ENX2052,A119,EMP1031,C1533,43530,4
AX15955,ENX2019,A157,EMP1030,C1147,43509,1
AX15956,ENX2003,A161,EMP1022,C1536,43466,1
AX15959,ENX2061,A121,EMP1006,C1029,43509,3
AX15972,ENX2095,A114,EMP1013,C1113,43520,2
AX15978,ENX2080,A172,EMP1031,C1361,43514,1
AX16016,ENX2041,A127,EMP1038,C1606,43487,4
AX16033,ENX2045,A157,EMP1017,C1133,43472,4
AX16053,ENX2008,A131,EMP1021,C1156,43506,1
AX16063,ENX2028,A164,EMP1029,C1510,43482,1
AX16136,ENX2094,A130,EMP1005,C1684,43502,1
AX16142,ENX2055,A138,EMP1019,C1126,43522,3
AX16149,ENX2001,A133,EMP1010,C1377,43518,2
AX16151,ENX2019,A126,EMP1012,C1774,43524,1
AX16161,ENX2078,A124,EMP1042,C1377,43478,3
AX16169,ENX2076,A169,EMP1009,C1720,43535,1
AX16182,ENX2007,A142,EMP1028,C1793,43485,3
AX16195,ENX2035,A156,EMP1001,C1030,43520,1
AX16210,ENX2003,A125,EMP1009,C1418,43523,1
AX16247,ENX2010,A102,EMP1033,C1431,43508,2
AX16248,ENX2051,A170,EMP1023,C1092,43488,1
AX16281,ENX2051,A100,EMP1035,C1302,43498,3
AX16284,ENX2073,A124,EMP1038,C1542,43533,2
AX16286,ENX2091,A159,EMP1044,C1296,43531,1
AX16302,ENX2021,A136,EMP1004,C1185,43497,4
AX16337,ENX2007,A155,EMP1020,C1343,43501,3
AX16338,ENX2067,A147,EMP1041,C1525,43470,1
AX16361,ENX2037,A115,EMP1005,C1767,43497,1
AX16362,ENX2096,A135,EMP1016,C1335,43505,1
AX16365,ENX2057,A100,EMP1044,C1264,43471,1
AX16369,ENX2081,A118,EMP1005,C1677,43534,1
AX16379,ENX2005,A115,EMP1020,C1682,43479,3
AX16407,ENX2025,A112,EMP1022,C1663,43519,4
AX16414,ENX2000,A159,EMP1038,C1657,43529,3
AX16439,ENX2023,A110,EMP1025,C1795,43534,1
AX16466,ENX2010,A111,EMP1007,C1573,43472,3
AX16497,ENX2080,A172,EMP1020,C1560,43474,3
AX16546,ENX2080,A117,EMP1022,C1314,43491,4
AX16565,ENX2084,A136,EMP1000,C1686,43486,3
AX16567,ENX2054,A118,EMP1000,C1439,43496,4
AX16578,ENX2088,A109,EMP1040,C1630,43539,3
AX16584,ENX2095,A116,EMP1018,C1281,43511,1
AX16594,ENX2034,A147,EMP1044,C1561,43530,1
AX16611,ENX2069,A154,EMP1009,C1196,43469,3
AX16680,ENX2088,A129,EMP1042,C1107,43528,1
AX16698,ENX2057,A115,EMP1023,C1639,43481,1
AX16701,ENX2009,A113,EMP1002,C1777,43527,1
AX16706,ENX2033,A155,EMP1037,C1078,43526,3
AX16716,ENX2058,A108,EMP1021,C1138,43525,1
AX16719,ENX2024,A112,EMP1028,C1098,43522,3
AX16723,ENX2006,A121,EMP1022,C1394,43471,1
AX16742,ENX2091,A134,EMP1036,C1213,43498,1
AX16754,ENX2082,A117,EMP1018,C1525,43492,3
AX16771,ENX2005,A100,EMP1040,C1724,43477,1
AX16776,ENX2051,A144,EMP1027,C1098,43506,1
AX16793,ENX2063,A133,EMP1041,C1794,43513,3
AX16805,ENX2050,A168,EMP1026,C1192,43530,1
AX16825,ENX2014,A165,EMP1007,C1596,43497,1
AX16827,ENX2086,A128,EMP1022,C1408,43503,3
AX16831,ENX2087,A143,EMP1012,C1545,43471,1
AX16887,ENX2067,A169,EMP1018,C1322,43484,1
AX16937,ENX2043,A151,EMP1031,C1622,43475,3
AX16942,ENX2003,A154,EMP1044,C1711,43469,3
AX16944,ENX2055,A127,EMP1038,C1657,43468,3
AX16963,ENX2068,A140,EMP1020,C1457,43488,3
AX16966,ENX2083,A117,EMP1015,C1633,43533,4
AX16981,ENX2025,A149,EMP1039,C1752,43508,2
AX16995,ENX2087,A115,EMP1028,C1044,43537,1
AX17005,ENX2066,A109,EMP1011,C1099,43471,3
AX17010,ENX2082,A103,EMP1031,C1675,43503,3
AX17017,ENX2021,A145,EMP1033,C1144,43522,3
AX17036,ENX2036,A159,EMP1020,C1209,43503,1
AX17039,ENX2000,A127,EMP1013,C1692,43537,1
AX17065,ENX2067,A147,EMP1024,C1325,43469,2
AX17066,ENX2022,A151,EMP1024,C1481,43482,4
AX17075,ENX2077,A108,EMP1033,C1304,43530,1
AX17077,ENX2064,A114,EMP1027,C1464,43535,2
AX17112,ENX2033,A106,EMP1021,C1014,43525,1
AX17153,ENX2092,A112,EMP1005,C1637,43494,1
AX17164,ENX2056,A130,EMP1029,C1447,43529,1
AX17182,ENX2034,A113,EMP1024,C1720,43520,1
AX17218,ENX2066,A162,EMP1025,C1079,43481,1
AX17227,ENX2059,A141,EMP1015,C1515,43475,3
AX17239,ENX2065,A105,EMP1035,C1582,43488,4
AX17248,ENX2048,A134,EMP1028,C1698,43538,1
AX17270,ENX2031,A116,EMP1042,C1279,43500,1
AX17282,ENX2082,A149,EMP1044,C1788,43504,1
AX17308,ENX2093,A138,EMP1033,C1199,43537,1
AX17326,ENX2078,A114,EMP1025,C1193,43518,3
AX17328,ENX2089,A173,EMP1033,C1088,43479,1
AX17346,ENX2087,A146,EMP1000,C1632,43472,3
AX17359,ENX2041,A118,EMP1002,C1336,43519,1
AX17367,ENX2071,A140,EMP1019,C1152,43520,2
AX17369,ENX2074,A132,EMP1039,C1788,43535,1
AX17372,ENX2065,A124,EMP1041,C1655,43523,1
AX17379,ENX2068,A117,EMP1019,C1096,43470,3
AX17381,ENX2039,A159,EMP1043,C1204,43506,1
AX17395,ENX2044,A167,EMP1018,C1333,43526,1
AX17408,ENX2062,A146,EMP1037,C1713,43503,2
AX17442,ENX2027,A139,EMP1012,C1212,43511,3
AX17476,ENX2085,A127,EMP1027,C1321,43508,4
AX17482,ENX2065,A167,EMP1006,C1728,43533,1
AX17483,ENX2015,A116,EMP1011,C1122,43504,1
AX17488,ENX2035,A126,EMP1015,C1011,43530,1
AX17493,ENX2073,A100,EMP1040,C1371,43475,3
AX17499,ENX2087,A116,EMP1010,C1147,43485,3
AX17514,ENX2092,A136,EMP1017,C1454,43469,4
AX17525,ENX2064,A172,EMP1039,C1161,43514,1
AX17526,ENX2095,A155,EMP1028,C1590,43533,4
AX17536,ENX2084,A117,EMP1023,C1101,43517,1
AX17558,ENX2020,A151,EMP1030,C1351,43538,2
AX17592,ENX2067,A139,EMP1019,C1627,43494,1
AX17608,ENX2044,A122,EMP1006,C1450,43496,1
AX17632,ENX2078,A115,EMP1037,C1703,43529,4
AX17648,ENX2075,A169,EMP1024,C1597,43538,1
AX17651,ENX2092,A111,EMP1026,C1077,43485,2
AX17658,ENX2049,A111,EMP1018,C1707,43509,3
AX17675,ENX2051,A104,EMP1020,C1384,43481,3
AX17683,ENX2019,A146,EMP1027,C1721,43467,1
AX17690,ENX2061,A126,EMP1003,C1049,43516,3
AX17717,ENX2093,A117,EMP1000,C1658,43487,2
AX17729,ENX2032,A113,EMP1034,C1091,43501,2
AX17748,ENX2060,A163,EMP1027,C1620,43467,1
AX17754,ENX2005,A115,EMP1038,C1519,43533,4
AX17756,ENX2019,A122,EMP1004,C1307,43498,4
AX17760,ENX2100,A108,EMP1037,C1469,43478,3
AX17787,ENX2007,A145,EMP1008,C1637,43532,1
AX17792,ENX2045,A155,EMP1016,C1125,43472,1
AX17809,ENX2066,A111,EMP1043,C1726,43472,2
AX17820,ENX2100,A168,EMP1029,C1002,43505,1
AX17834,ENX2058,A129,EMP1041,C1068,43516,1
AX17846,ENX2078,A131,EMP1024,C1174,43520,2
AX17860,ENX2044,A113,EMP1006,C1499,43510,4
AX17913,ENX2019,A123,EMP1036,C1000,43509,2
AX17977,ENX2023,A107,EMP1015,C1529,43534,1
AX18005,ENX2028,A138,EMP1043,C1040,43511,4
AX18010,ENX2014,A131,EMP1008,C1497,43531,2
AX18031,ENX2031,A144,EMP1042,C1021,43508,1
AX18033,ENX2084,A108,EMP1042,C1698,43504,1
AX18047,ENX2085,A168,EMP1040,C1165,43470,2
AX18066,ENX2001,A149,EMP1018,C1357,43539,1
AX18076,ENX2052,A153,EMP1004,C1498,43480,1
AX18081,ENX2069,A108,EMP1017,C1002,43537,1
AX18118,ENX2000,A107,EMP1030,C1296,43521,2
AX18134,ENX2007,A112,EMP1023,C1576,43480,1
AX18185,ENX2050,A159,EMP1004,C1692,43474,2
AX18194,ENX2001,A168,EMP1016,C1604,43470,1
AX18206,ENX2013,A157,EMP1022,C1011,43520,3
AX18248,ENX2064,A150,EMP1016,C1113,43498,3
AX18277,ENX2080,A123,EMP1021,C1377,43484,1
AX18291,ENX2082,A168,EMP1014,C1756,43473,2
AX18303,ENX2066,A141,EMP1043,C1570,43503,3
AX18328,ENX2073,A114,EMP1029,C1239,43514,4
AX18352,ENX2083,A123,EMP1035,C1058,43535,1
AX18361,ENX2071,A151,EMP1000,C1530,43487,1
AX18391,ENX2095,A100,EMP1015,C1123,43518,4
AX18428,ENX2062,A137,EMP1022,C1756,43519,3
AX18442,ENX2078,A111,EMP1037,C1556,43497,1
AX18450,ENX2041,A142,EMP1040,C1117,43500,1
AX18454,ENX2095,A131,EMP1004,C1775,43469,3
AX18471,ENX2086,A110,EMP1032,C1533,43522,4
AX18496,ENX2067,A126,EMP1017,C1566,43534,3
AX18507,ENX2035,A164,EMP1036,C1079,43516,3
AX18519,ENX2070,A172,EMP1018,C1747,43486,2
AX18525,ENX2023,A165,EMP1019,C1752,43529,1
AX18534,ENX2060,A167,EMP1008,C1013,43534,1
AX18541,ENX2039,A146,EMP1024,C1702,43469,1
AX18596,ENX2086,A145,EMP1006,C1137,43520,1
AX18600,ENX2037,A152,EMP1009,C1245,43496,1
AX18608,ENX2076,A157,EMP1022,C1207,43489,1
AX18610,ENX2087,A131,EMP1029,C1681,43478,1
AX18633,ENX2074,A171,EMP1035,C1022,43479,1
AX18636,ENX2043,A112,EMP1037,C1289,43539,3
AX18658,ENX2055,A147,EMP1021,C1196,43481,1
AX18672,ENX2058,A133,EMP1022,C1079,43474,3
AX18678,ENX2028,A145,EMP1018,C1121,43529,3
AX18710,ENX2093,A108,EMP1001,C1011,43470,1
AX18798,ENX2043,A101,EMP1002,C1441,43479,1
AX18803,ENX2090,A127,EMP1034,C1344,43527,1
AX18806,ENX2092,A128,EMP1043,C1778,43479,1
AX18817,ENX2043,A118,EMP1012,C1262,43487,2
AX18825,ENX2032,A157,EMP1031,C1678,43505,3
AX18826,ENX2052,A135,EMP1040,C1377,43518,3
AX18829,ENX2011,A101,EMP1029,C1449,43468,1
AX18831,ENX2072,A102,EMP1018,C1634,43469,2
AX18836,ENX2085,A161,EMP1018,C1342,43535,1
AX18837,ENX2072,A140,EMP1034,C1509,43528,4
AX18857,ENX2088,A116,EMP1037,C1545,43487,3
AX18921,ENX2031,A125,EMP1043,C1138,43524,3
AX18936,ENX2080,A134,EMP1044,C1758,43532,2
AX18951,ENX2040,A172,EMP1040,C1709,43523,1
AX18974,ENX2049,A137,EMP1009,C1487,43529,3
AX18975,ENX2058,A160,EMP1031,C1707,43472,1
AX18987,ENX2061,A114,EMP1011,C1155,43537,1
AX18994,ENX2015,A149,EMP1004,C1033,43533,1
AX19003,ENX2077,A114,EMP1030,C1398,43487,1
AX19022,ENX2065,A146,EMP1016,C1508,43527,1
AX19052,ENX2075,A158,EMP1009,C1434,43519,1
AX19082,ENX2040,A151,EMP1003,C1260,43489,1
AX19091,ENX2023,A121,EMP1016,C1190,43514,1
AX19097,ENX2007,A127,EMP1017,C1724,43470,1
AX19098,ENX2058,A146,EMP1016,C1318,43492,3
AX19102,ENX2034,A119,EMP1026,C1350,43531,1
AX19118,ENX2096,A144,EMP1026,C1363,43496,1
AX19161,ENX2034,A129,EMP1033,C1749,43507,1
AX19168,ENX2046,A167,EMP1025,C1530,43504,1
AX19173,ENX2002,A142,EMP1024,C1102,43537,2
AX19182,ENX2029,A116,EMP1017,C1365,43517,1
AX19206,ENX2054,A105,EMP1037,C1584,43476,4
AX19225,ENX2028,A137,EMP1009,C1236,43527,3
AX19267,ENX2076,A152,EMP1039,C1209,43497,1
AX19272,ENX2019,A135,EMP1006,C1308,43518,2
AX19274,ENX2071,A170,EMP1003,C1756,43529,4
AX19276,ENX2015,A135,EMP1040,C1087,43472,1
AX19308,ENX2095,A114,EMP1034,C1393,43478,4
AX19332,ENX2012,A147,EMP1002,C1021,43531,4
AX19352,ENX2098,A143,EMP1040,C1711,43504,2
AX19353,ENX2019,A132,EMP1022,C1000,43520,1
AX19387,ENX2043,A173,EMP1003,C1317,43487,1
AX19413,ENX2004,A168,EMP1003,C1789,43484,4
AX19433,ENX2028,A114,EMP1014,C1162,43516,1
AX19435,ENX2012,A168,EMP1019,C1459,43539,1
AX19440,ENX2077,A145,EMP1012,C1348,43503,4
AX19449,ENX2028,A151,EMP1029,C1153,43524,3
AX19455,ENX2080,A151,EMP1018,C1331,43499,1
AX19503,ENX2093,A154,EMP1022,C1655,43490,3
AX19512,ENX2073,A142,EMP1019,C1410,43507,1
AX19520,ENX2028,A138,EMP1039,C1377,43509,1
AX19530,ENX2081,A121,EMP1033,C1724,43479,1
AX19537,ENX2098,A116,EMP1029,C1044,43525,1
AX19554,ENX2013,A133,EMP1044,C1536,43490,2
AX19560,ENX2077,A142,EMP1012,C1571,43470,3
AX19571,ENX2095,A128,EMP1015,C1671,43531,2
AX19573,ENX2071,A102,EMP1004,C1751,43539,1
AX19603,ENX2000,A121,EMP1010,C1031,43503,3
AX19605,ENX2018,A106,EMP1035,C1229,43466,1
AX19626,ENX2003,A106,EMP1005,C1259,43531,3
AX19646,ENX2040,A146,EMP1035,C1292,43525,1
AX19655,ENX2000,A173,EMP1032,C1279,43498,1
AX19686,ENX2021,A162,EMP1006,C1243,43510,3
AX19720,ENX2023,A156,EMP1035,C1720,43512,1
AX19743,ENX2059,A173,EMP1027,C1130,43515,3
AX19755,ENX2011,A163,EMP1006,C1062,43531,4
AX19762,ENX2086,A143,EMP1017,C1736,43502,1
AX19763,ENX2088,A120,EMP1034,C1404,43483,4
AX19789,ENX2007,A170,EMP1021,C1131,43476,2
AX19790,ENX2039,A149,EMP1030,C1725,43489,2
AX19791,ENX2087,A147,EMP1028,C1371,43525,3
AX19795,ENX2076,A110,EMP1039,C1707,43496,1
AX19799,ENX2077,A133,EMP1003,C1524,43500,2
AX19817,ENX2015,A170,EMP1026,C1538,43520,3
AX19834,ENX2003,A145,EMP1025,C1234,43479,4
AX19835,ENX2092,A154,EMP1010,C1719,43513,4
AX19842,ENX2013,A131,EMP1041,C1751,43496,4
AX19855,ENX2065,A125,EMP1005,C1103,43533,1
AX19857,ENX2039,A119,EMP1043,C1789,43529,1
AX19861,ENX2071,A129,EMP1036,C1160,43480,3
AX19868,ENX2040,A122,EMP1019,C1117,43512,1
AX19878,ENX2070,A141,EMP1000,C1783,43536,3
AX19880,ENX2013,A162,EMP1040,C1124,43501,1
AX19906,ENX2069,A154,EMP1041,C1400,43473,1
AX19913,ENX2036,A111,EMP1044,C1382,43525,1
AX19935,ENX2003,A143,EMP1005,C1658,43503,1
AX19975,ENX2088,A112,EMP1013,C1765,43499,4
AX19996,ENX2031,A116,EMP1019,C1433,43524,1
AX19999,ENX2020,A122,EMP1038,C1430,43472,3
AX20005,ENX2055,A151,EMP1031,C1488,43515,1
AX20017,ENX2018,A160,EMP1030,C1043,43538,1
AX20020,ENX2022,A142,EMP1039,C1766,43507,3
AX20035,ENX2015,A147,EMP1016,C1685,43534,4
AX20041,ENX2055,A156,EMP1021,C1070,43533,1
AX20042,ENX2013,A127,EMP1007,C1347,43500,2
AX20083,ENX2093,A124,EMP1031,C1184,43482,1
AX20122,ENX2092,A154,EMP1029,C1619,43469,1
AX20133,ENX2000,A147,EMP1023,C1325,43499,3
AX20145,ENX2056,A171,EMP1011,C1090,43498,4
AX20153,ENX2070,A107,EMP1006,C1655,43478,1
AX20192,ENX2061,A121,EMP1041,C1521,43538,1
AX20222,ENX2033,A114,EMP1007,C1105,43507,1
AX20258,ENX2066,A138,EMP1037,C1752,43517,2
AX20265,ENX2062,A114,EMP1005,C1164,43537,3
AX20268,ENX2094,A173,EMP1036,C1289,43479,2
AX20270,ENX2009,A117,EMP1010,C1724,43522,1
AX20274,ENX2035,A122,EMP1041,C1016,43498,3
AX20275,ENX2045,A107,EMP1009,C1186,43529,4
AX20286,ENX2055,A145,EMP1009,C1342,43481,1
AX20293,ENX2044,A137,EMP1038,C1118,43481,4
AX20322,ENX2033,A122,EMP1042,C1255,43516,2
AX20330,ENX2020,A132,EMP1040,C1753,43471,1
AX20337,ENX2082,A132,EMP1004,C1248,43471,1
AX20353,ENX2060,A125,EMP1023,C1455,43523,1
AX20378,ENX2076,A102,EMP1022,C1100,43472,2
AX20393,ENX2033,A160,EMP1041,C1449,43505,2
AX20399,ENX2002,A146,EMP1033,C1551,43526,3
AX20414,ENX2084,A145,EMP1009,C1384,43489,1
AX20417,ENX2078,A156,EMP1028,C1566,43478,2
AX20418,ENX2009,A151,EMP1034,C1063,43514,1
AX20426,ENX2047,A137,EMP1043,C1392,43484,1
AX20452,ENX2015,A168,EMP1012,C1039,43527,3
AX20454,ENX2071,A106,EMP1012,C1174,43509,3
AX20473,ENX2099,A127,EMP1039,C1505,43512,1
AX20488,ENX2036,A104,EMP1038,C1350,43505,2
AX20501,ENX2013,A127,EMP1030,C1444,43521,2
AX20509,ENX2005,A157,EMP1039,C1532,43474,4
AX20527,ENX2033,A152,EMP1008,C1706,43528,1
AX20546,ENX2007,A140,EMP1032,C1531,43527,1
AX20553,ENX2073,A112,EMP1012,C1154,43468,1
AX20568,ENX2030,A114,EMP1031,C1508,43491,1
AX20599,ENX2028,A152,EMP1017,C1676,43517,4
AX20616,ENX2070,A102,EMP1043,C1092,43534,1
AX20641,ENX2064,A138,EMP1025,C1164,43515,1
AX20657,ENX2075,A139,EMP1034,C1209,43516,1
AX20673,ENX2056,A153,EMP1022,C1695,43480,1
AX20679,ENX2053,A173,EMP1007,C1773,43526,2
AX20683,ENX2007,A162,EMP1024,C1590,43474,2
AX20699,ENX2066,A169,EMP1004,C1772,43481,4
AX20711,ENX2098,A140,EMP1016,C1523,43494,2
AX20723,ENX2010,A146,EMP1043,C1584,43500,2
AX20728,ENX2035,A102,EMP1018,C1129,43507,1
AX20734,ENX2046,A160,EMP1005,C1636,43485,1
AX20750,ENX2071,A115,EMP1017,C1559,43477,1
AX20763,ENX2095,A115,EMP1008,C1034,43495,1
AX20800,ENX2081,A133,EMP1033,C1348,43486,1
AX20825,ENX2067,A120,EMP1004,C1392,43483,2
AX20835,ENX2022,A156,EMP1029,C1097,43480,2
AX20855,ENX2047,A103,EMP1016,C1620,43519,3
AX20863,ENX2049,A148,EMP1018,C1000,43532,3
AX20884,ENX2049,A170,EMP1030,C1542,43521,3
AX20904,ENX2016,A163,EMP1030,C1512,43513,1
AX20939,ENX2019,A155,EMP1021,C1416,43528,1
AX20986,ENX2055,A112,EMP1044,C1007,43537,1
AX20992,ENX2084,A147,EMP1004,C1709,43493,1
AX21001,ENX2004,A156,EMP1016,C1324,43494,1
AX21024,ENX2060,A105,EMP1007,C1789,43494,2
AX21042,ENX2010,A116,EMP1010,C1357,43519,1
AX21065,ENX2097,A170,EMP1006,C1287,43473,1
AX21079,ENX2086,A158,EMP1033,C1714,43531,1
AX21086,ENX2053,A161,EMP1043,C1016,43532,2
AX21126,ENX2000,A150,EMP1038,C1506,43502,1
AX21127,ENX2041,A172,EMP1044,C1179,43474,3
AX21135,ENX2047,A132,EMP1042,C1773,43519,2
AX21153,ENX2042,A172,EMP1035,C1507,43497,1
AX21164,ENX2027,A169,EMP1018,C1658,43491,1
AX21172,ENX2029,A124,EMP1033,C1424,43528,1
AX21174,ENX2039,A102,EMP1035,C1185,43518,1
AX21198,ENX2046,A131,EMP1024,C1095,43498,1
AX21201,ENX2080,A113,EMP1014,C1383,43484,4
AX21215,ENX2055,A102,EMP1002,C1402,43490,1
AX21223,ENX2099,A153,EMP1003,C1273,43512,1
AX21242,ENX2001,A162,EMP1025,C1538,43538,1
AX21244,ENX2054,A101,EMP1041,C1753,43515,1
AX21251,ENX2024,A120,EMP1014,C1061,43504,1
AX21269,ENX2015,A100,EMP1033,C1407,43519,1
AX21282,ENX2090,A118,EMP1018,C1223,43523,2
AX21292,ENX2094,A113,EMP1011,C1688,43539,1
AX21338,ENX2026,A101,EMP1020,C1603,43497,1
AX21382,ENX2056,A152,EMP1007,C1777,43515,1
AX21385,ENX2095,A138,EMP1044,C1303,43467,1
AX21393,ENX2060,A120,EMP1039,C1160,43468,1
AX21402,ENX2015,A142,EMP1038,C1451,43519,4
AX21408,ENX2081,A134,EMP1028,C1376,43531,1
AX21412,ENX2082,A148,EMP1012,C1361,43534,2
AX21416,ENX2064,A107,EMP1023,C1681,43484,3
AX21423,ENX2040,A172,EMP1018,C1578,43530,1
AX21447,ENX2090,A104,EMP1043,C1123,43521,1
AX21460,ENX2094,A133,EMP1031,C1525,43502,2
AX21471,ENX2047,A157,EMP1039,C1449,43511,1
AX21478,ENX2039,A132,EMP1022,C1625,43520,1
AX21479,ENX2046,A160,EMP1040,C1317,43478,1
AX21493,ENX2032,A165,EMP1007,C1080,43529,1
AX21521,ENX2063,A131,EMP1041,C1103,43525,1
AX21536,ENX2067,A137,EMP1018,C1003,43494,1
AX21581,ENX2050,A143,EMP1010,C1146,43513,1
AX21589,ENX2086,A101,EMP1013,C1725,43489,3
AX21606,ENX2061,A141,EMP1034,C1539,43532,1
AX21628,ENX2092,A129,EMP1044,C1335,43498,1
AX21644,ENX2040,A158,EMP1031,C1322,43527,1
AX21663,ENX2013,A142,EMP1024,C1270,43526,3
AX21678,ENX2080,A158,EMP1008,C1332,43481,1
AX21722,ENX2055,A144,EMP1009,C1044,43527,1
AX21760,ENX2034,A116,EMP1033,C1301,43521,3
AX21763,ENX2067,A157,EMP1044,C1176,43526,2
AX21772,ENX2056,A101,EMP1038,C1123,43501,2
AX21793,ENX2051,A124,EMP1025,C1680,43468,1
AX21798,ENX2040,A109,EMP1036,C1367,43474,3
AX21802,ENX2075,A172,EMP1033,C1067,43527,4
AX21840,ENX2023,A127,EMP1016,C1057,43523,1
AX21845,ENX2062,A132,EMP1037,C1353,43499,1
AX21857,ENX2076,A173,EMP1003,C1252,43524,2
AX21883,ENX2077,A104,EMP1013,C1001,43493,2
AX21916,ENX2081,A108,EMP1009,C1232,43520,1
AX21953,ENX2041,A141,EMP1037,C1127,43471,2
AX21954,ENX2019,A110,EMP1004,C1555,43501,3
AX21996,ENX2061,A120,EMP1014,C1560,43527,1
AX22029,ENX2057,A148,EMP1033,C1433,43516,3
AX22031,ENX2046,A108,EMP1034,C1604,43500,3
AX22036,ENX2083,A137,EMP1015,C1687,43489,1
AX22039,ENX2059,A123,EMP1022,C1301,43497,1
AX22055,ENX2029,A133,EMP1028,C1451,43469,1
AX22067,ENX2025,A143,EMP1001,C1669,43473,1
AX22071,ENX2083,A106,EMP1003,C1543,43525,1
AX22084,ENX2043,A121,EMP1008,C1643,43509,3
AX22088,ENX2057,A154,EMP1010,C1798,43512,1
AX22137,ENX2076,A145,EMP1038,C1328,43494,1
AX22161,ENX2079,A146,EMP1018,C1115,43532,3
AX22176,ENX2038,A152,EMP1044,C1774,43497,1
AX22179,ENX2056,A164,EMP1039,C1375,43503,2
AX22180,ENX2057,A166,EMP1002,C1116,43468,1
AX22187,ENX2081,A150,EMP1017,C1722,43472,1
AX22189,ENX2027,A118,EMP1031,C1523,43537,1
AX22199,ENX2018,A122,EMP1026,C1624,43539,2
AX22200,ENX2010,A101,EMP1027,C1693,43505,1
AX22202,ENX2030,A142,EMP1000,C1322,43485,1
AX22205,ENX2002,A173,EMP1012,C1382,43475,3
AX22288,ENX2043,A138,EMP1041,C1775,43520,3
AX22289,ENX2021,A110,EMP1016,C1177,43477,1
AX22314,ENX2030,A145,EMP1029,C1576,43526,3
AX22385,ENX2054,A129,EMP1004,C1699,43510,2
AX22394,ENX2068,A131,EMP1016,C1733,43488,1
AX22407,ENX2034,A122,EMP1025,C1712,43530,4
AX22409,ENX2044,A147,EMP1033,C1182,43494,2
AX22413,ENX2041,A141,EMP1007,C1234,43482,1
AX22416,ENX2084,A159,EMP1018,C1021,43494,3
AX22431,ENX2057,A126,EMP1017,C1638,43491,3
AX22437,ENX2078,A109,EMP1040,C1115,43530,4
AX22453,ENX2015,A138,EMP1017,C1759,43526,3
AX22471,ENX2035,A151,EMP1015,C1568,43480,3
AX22475,ENX2045,A121,EMP1035,C1339,43529,3
AX22491,ENX2032,A165,EMP1009,C1232,43517,3
AX22506,ENX2061,A127,EMP1014,C1059,43533,1
AX22548,ENX2047,A115,EMP1029,C1725,43469,1
AX22549,ENX2016,A137,EMP1038,C1596,43493,1
AX22583,ENX2072,A167,EMP1002,C1237,43537,1
AX22586,ENX2052,A122,EMP1017,C1135,43512,1
AX22608,ENX2026,A115,EMP1016,C1246,43512,4
AX22634,ENX2045,A128,EMP1022,C1349,43481,4
AX22655,ENX2094,A111,EMP1030,C1255,43517,2
AX22715,ENX2062,A157,EMP1044,C1198,43520,3
AX22725,ENX2025,A164,EMP1019,C1779,43507,2
AX22736,ENX2002,A143,EMP1003,C1432,43470,3
AX22747,ENX2055,A137,EMP1009,C1491,43513,4
AX22750,ENX2042,A105,EMP1044,C1144,43502,1
AX22782,ENX2009,A110,EMP1002,C1458,43537,2
AX22797,ENX2003,A110,EMP1004,C1364,43487,1
AX22838,ENX2028,A160,EMP1006,C1013,43480,4
AX22879,ENX2007,A124,EMP1021,C1465,43507,2
AX22885,ENX2083,A144,EMP1009,C1539,43520,1
AX22904,ENX2099,A160,EMP1010,C1134,43521,1
AX22922,ENX2091,A125,EMP1006,C1418,43479,2
AX22926,ENX2020,A137,EMP1016,C1445,43516,3
AX22932,ENX2012,A171,EMP1041,C1742,43507,1
AX22939,ENX2094,A116,EMP1034,C1065,43499,1
AX22943,ENX2090,A128,EMP1044,C1512,43508,2
AX22947,ENX2028,A132,EMP1025,C1165,43490,4
AX22976,ENX2065,A108,EMP1030,C1323,43469,1
AX22985,ENX2075,A139,EMP1007,C1359,43517,2
AX22989,ENX2013,A109,EMP1012,C1752,43504,1
AX23013,ENX2018,A120,EMP1013,C1346,43532,3
AX23035,ENX2086,A100,EMP1008,C1587,43467,4
AX23039,ENX2075,A123,EMP1000,C1091,43537,3
AX23045,ENX2020,A129,EMP1023,C1117,43531,1
AX23052,ENX2065,A100,EMP1004,C1037,43531,1
AX23078,ENX2002,A165,EMP1027,C1452,43518,1
AX23079,ENX2033,A162,EMP1004,C1364,43522,4
AX23084,ENX2032,A106,EMP1040,C1490,43515,1
AX23086,ENX2034,A153,EMP1032,C1708,43530,2
AX23090,ENX2004,A120,EMP1016,C1681,43504,4
AX23143,ENX2036,A119,EMP1010,C1043,43522,1
AX23181,ENX2044,A121,EMP1026,C1021,43530,1
AX23188,ENX2093,A139,EMP1024,C1748,43479,1
AX23229,ENX2093,A161,EMP1028,C1416,43472,3
AX23255,ENX2084,A154,EMP1006,C1371,43481,3
AX23265,ENX2090,A158,EMP1041,C1291,43470,1
AX23283,ENX2023,A106,EMP1041,C1314,43479,1
AX23284,ENX2021,A110,EMP1001,C1561,43524,3
AX23287,ENX2084,A158,EMP1039,C1704,43480,2
AX23313,ENX2005,A152,EMP1014,C1584,43471,3
AX23320,ENX2051,A115,EMP1002,C1236,43527,2
AX23334,ENX2091,A143,EMP1005,C1036,43482,1
AX23361,ENX2034,A125,EMP1041,C1529,43539,3
AX23391,ENX2089,A128,EMP1002,C1533,43515,3
AX23392,ENX2027,A121,EMP1029,C1053,43507,4
AX23400,ENX2083,A160,EMP1039,C1510,43491,2
AX23404,ENX2078,A103,EMP1014,C1235,43510,1
AX23413,ENX2068,A172,EMP1032,C1512,43524,4
AX23420,ENX2066,A126,EMP1024,C1701,43524,1
AX23440,ENX2023,A116,EMP1018,C1160,43507,1
AX23464,ENX2069,A145,EMP1002,C1657,43507,3
AX23483,ENX2018,A150,EMP1011,C1532,43517,1
AX23517,ENX2003,A121,EMP1038,C1077,43495,1
AX23536,ENX2033,A126,EMP1014,C1081,43523,2
AX23541,ENX2033,A135,EMP1014,C1620,43485,1
AX23548,ENX2009,A137,EMP1040,C1011,43496,2
AX23550,ENX2081,A113,EMP1000,C1272,43531,2
AX23557,ENX2080,A122,EMP1012,C1178,43487,1
AX23560,ENX2091,A163,EMP1005,C1495,43514,1
AX23562,ENX2079,A135,EMP1041,C1232,43484,1
AX23567,ENX2025,A152,EMP1032,C1122,43476,1
AX23568,ENX2043,A142,EMP1020,C1148,43537,1
AX23575,ENX2095,A170,EMP1039,C1052,43485,2
AX23606,ENX2087,A150,EMP1030,C1785,43500,2
AX23619,ENX2046,A152,EMP1038,C1760,43507,3
AX23645,ENX2023,A168,EMP1007,C1728,43524,2
AX23646,ENX2046,A173,EMP1012,C1404,43472,1
AX23683,ENX2055,A172,EMP1028,C1091,43515,4
AX23706,ENX2068,A127,EMP1013,C1147,43494,3
AX23727,ENX2047,A160,EMP1005,C1418,43513,3
AX23740,ENX2056,A146,EMP1027,C1113,43484,1
AX23753,ENX2007,A129,EMP1019,C1535,43490,1
AX23756,ENX2062,A129,EMP1030,C1210,43468,4
AX23762,ENX2072,A100,EMP1021,C1337,43538,1
AX23800,ENX2065,A171,EMP1009,C1578,43520,4
AX23805,ENX2003,A165,EMP1015,C1385,43488,1
AX23836,ENX2000,A123,EMP1019,C1698,43469,1
AX23848,ENX2094,A132,EMP1010,C1348,43504,1
AX23866,ENX2060,A110,EMP1036,C1688,43521,1
AX23890,ENX2060,A123,EMP1031,C1140,43480,1
AX23912,ENX2083,A140,EMP1034,C1097,43488,1
AX23927,ENX2070,A168,EMP1004,C1729,43503,4
AX23931,ENX2062,A110,EMP1016,C1084,43473,1
AX23964,ENX2021,A113,EMP1044,C1347,43528,1
AX23970,ENX2022,A145,EMP1028,C1255,43496,2
AX23979,ENX2055,A139,EMP1039,C1223,43529,3
AX23991,ENX2074,A119,EMP1041,C1320,43528,2
AX24002,ENX2066,A128,EMP1011,C1710,43529,1
AX24018,ENX2028,A137,EMP1020,C1686,43478,4
AX24033,ENX2037,A104,EMP1014,C1758,43516,2
AX24036,ENX2042,A172,EMP1010,C1261,43535,1
AX24051,ENX2079,A169,EMP1023,C1447,43491,1
AX24066,ENX2016,A106,EMP1041,C1344,43520,1
AX24069,ENX2046,A121,EMP1005,C1290,43513,1
AX24073,ENX2048,A117,EMP1026,C1740,43538,1
AX24082,ENX2055,A170,EMP1012,C1535,43498,2
AX24088,ENX2091,A161,EMP1042,C1353,43468,1
AX24090,ENX2009,A172,EMP1037,C1443,43530,1
AX24091,ENX2074,A172,EMP1037,C1552,43508,3
AX24109,ENX2065,A155,EMP1011,C1445,43491,1
AX24124,ENX2035,A133,EMP1043,C1686,43521,4
AX24129,ENX2012,A110,EMP1022,C1284,43501,4
AX24143,ENX2057,A149,EMP1043,C1623,43528,2
AX24146,ENX2077,A115,EMP1034,C1370,43532,3
AX24152,ENX2023,A147,EMP1004,C1793,43498,1
AX24199,ENX2094,A102,EMP1011,C1423,43506,2
AX24206,ENX2022,A163,EMP1017,C1059,43480,2
AX24221,ENX2056,A163,EMP1031,C1580,43534,1
AX24237,ENX2057,A109,EMP1017,C1785,43523,1
AX24247,ENX2066,A152,EMP1017,C1155,43517,2
AX24251,ENX2078,A124,EMP1024,C1479,43531,1
AX24256,ENX2069,A170,EMP1025,C1513,43472,1
AX24271,ENX2077,A102,EMP1000,C1325,43493,1
AX24301,ENX2100,A125,EMP1026,C1318,43471,1
AX24304,ENX2048,A102,EMP1002,C1713,43501,1
AX24320,ENX2094,A173,EMP1023,C1073,43518,1
AX24322,ENX2057,A159,EMP1035,C1235,43485,1
AX24327,ENX2075,A157,EMP1002,C1084,43509,1
AX24336,ENX2016,A150,EMP1040,C1203,43478,2
AX24340,ENX2081,A134,EMP1012,C1724,43491,1
AX24356,ENX2053,A113,EMP1012,C1319,43527,2
AX24361,ENX2048,A154,EMP1001,C1409,43538,1
AX24366,ENX2021,A119,EMP1043,C1655,43471,2
AX24399,ENX2076,A119,EMP1027,C1356,43497,1
AX24403,ENX2027,A171,EMP1042,C1351,43497,1
AX24426,ENX2069,A104,EMP1010,C1068,43536,1
AX24429,ENX2005,A154,EMP1021,C1713,43509,1
AX24482,ENX2083,A151,EMP1041,C1779,43482,4
AX24490,ENX2078,A160,EMP1034,C1688,43526,3
AX24510,ENX2004,A156,EMP1000,C1779,43523,4
AX24527,ENX2053,A164,EMP1032,C1715,43539,3
AX24537,ENX2023,A116,EMP1020,C1706,43525,1
AX24567,ENX2031,A106,EMP1036,C1257,43531,1
AX24570,ENX2003,A164,EMP1004,C1614,43531,2
AX24596,ENX2016,A136,EMP1043,C1173,43524,2
AX24597,ENX2019,A151,EMP1001,C1748,43466,1
AX24604,ENX2021,A120,EMP1040,C1078,43524,2
AX24639,ENX2019,A162,EMP1002,C1587,43507,2
AX24641,ENX2065,A147,EMP1009,C1518,43470,1
AX24671,ENX2090,A127,EMP1044,C1471,43493,3
AX24684,ENX2095,A154,EMP1013,C1568,43495,1
AX24734,ENX2018,A154,EMP1034,C1045,43514,1
AX24750,ENX2043,A108,EMP1023,C1306,43477,2
AX24762,ENX2048,A104,EMP1038,C1652,43537,3
AX24771,ENX2062,A115,EMP1036,C1084,43509,3
AX24782,ENX2009,A122,EMP1003,C1157,43484,2
AX24784,ENX2086,A102,EMP1006,C1737,43532,2
AX24786,ENX2019,A134,EMP1025,C1305,43539,2
AX24787,ENX2087,A141,EMP1027,C1142,43503,2
AX24800,ENX2069,A152,EMP1015,C1476,43482,3
AX24833,ENX2058,A148,EMP1008,C1261,43484,1
AX24843,ENX2083,A168,EMP1011,C1445,43511,4
AX24928,ENX2000,A116,EMP1020,C1318,43534,3
AX24929,ENX2050,A169,EMP1021,C1369,43502,4
AX24950,ENX2048,A107,EMP1008,C1472,43536,1
AX24973,ENX2006,A149,EMP1036,C1095,43511,1
AX24977,ENX2060,A169,EMP1038,C1446,43532,1
AX24980,ENX2076,A148,EMP1007,C1140,43493,2
